Position,Company,Location,URL
Developmental & Behavioral Pediatrician (Bronx  NY  Us),Montefiore,Bronx  NY,https://getwork.com/details/cfae0573ea42feac770baf67cc69076d
Scheduling Coordinator,Trinity Health Corporation,Newtown  PA,https://getwork.com/details/8c41721d8073b2194214f4273c46d400
Patient Access Services ER Specialist Mon-Fri 2:30pm - 11:00pm w/rotating weekends,Parkland Health & Hospital System,Dallas  TX,https://getwork.com/details/e75d66b5fbb6c793973985f15e3eae98
Wealth Management  Trust & Estates  Closely Held Asset Management - Vice President,JPMorgan Chase & Co.,Columbus  OH,https://getwork.com/details/5d5b347de003a33d4eb6b9206fd5b89b
Supervisor Patient Registration,Children's of Alabama,Birmingham  AL,https://getwork.com/details/4f9b63aa6a902475b899bf47ac573d23
Staff Nurse I/II (Bronx  NY  Us),Montefiore,Bronx  NY,https://getwork.com/details/cc7c150420c1fb57ef8d4663318c3f24
Pediatric Clinician-investigators (Bronx  NY  Us),Montefiore,Bronx  NY,https://getwork.com/details/48e9e137e3b7862d74f57ceb05d9363e
Medical Director Of Pediatric Quality And Safety (Bronx  NY  Us),Montefiore,Bronx  NY,https://getwork.com/details/efbce2b67d817f29067fb33092e3ce05
Pediatric Pulmonologist (Bronx  NY  Us),Montefiore,Bronx  NY,https://getwork.com/details/d6ffb7f830349ed71a8a2435a86c6cb4
Pediatric Nephrologist (Bronx  NY  Us),Montefiore,Bronx  NY,https://getwork.com/details/5937002ac65d456b0d4d189b65c34f65
Wealth Management Solutions  Trust & Estates Closely Held Asset Manager - Associate,JPMorgan Chase & Co.,Columbus  OH,https://getwork.com/details/8c7b13e763f59f1bc82990a8e804a276
Supervisor-Admitting - Admitting,Eisenhower Medical Center,Rancho Mirage  CA,https://getwork.com/details/f936c50c353bc39cbdfa9e60701e0028
Staff Nurse I/II (Bronx  NY  Us),Montefiore,Bronx  NY,https://getwork.com/details/d02adc94229a35f228b52f007100291a
Staff Nurse I/II (Bronx  NY  Us),Montefiore,Bronx  NY,https://getwork.com/details/97285f094d255f93b76a50b9c7cb3c95
Staff Nurse I/II (Bronx  NY  Us),Montefiore,Bronx  NY,https://getwork.com/details/ca0432bb73b8a960da8f59e22627203d
Staff Nurse I/II (Bronx  NY  Us),Montefiore,Bronx  NY,https://getwork.com/details/4727dda34da0b66500945950448a6319
Staff Nurse I/II (Bronx  NY  Us),Montefiore,Bronx  NY,https://getwork.com/details/11329f30adaf8d9fecb21018860107c9
Staff Nurse I/II (Bronx  NY  Us),Montefiore,Bronx  NY,https://getwork.com/details/201770df2461dcd20252b39dddfb9df5
Staff Nurse I/II (Bronx  NY  Us),Montefiore,Bronx  NY,https://getwork.com/details/fb9eda60172919c75bc6065c5bac1d67
Staff Nurse I/II (Bronx  NY  Us),Montefiore,Bronx  NY,https://getwork.com/details/d9e3d59b21ab4ac35cd9bb16edfd6cdd
Staff Nurse I/II (Bronx  NY  Us),Montefiore,Bronx  NY,https://getwork.com/details/bbe43703cee6fc73a3a0c152a961dad8
Cardiothoracic Surgeon (BRONX  NY  US),Montefiore,Bronx  NY,https://getwork.com/details/f2706cf44733364ac6bb88921bd1dc9e
Pediatric Clinician-educator (Bronx  NY  Us),Montefiore,Bronx  NY,https://getwork.com/details/6ba5c73575969d6e949c4818c5b31b54
Pediatric Hospitalist (Bronx  NY  Us),Montefiore,Bronx  NY,https://getwork.com/details/48fd96c06a5a4caedeb226a241f1433e
Pediatric Heart Failure & Transplant Cardiologist (Bronx  NY  Us),Montefiore,Bronx  NY,https://getwork.com/details/c0ef1e91de0b5da35083293f4f0c5416
Pediatric Physician Scientist (Bronx  NY  Us),Montefiore,Bronx  NY,https://getwork.com/details/98a67959ada14692fecfc2efb25a20a3
Pediatric Cardiology Echo Lab Director (Bronx  NY  Us),Montefiore,Bronx  NY,https://getwork.com/details/0df6ef5907e89f5fa5c0b04b4390c4f0
Pediatric Cardiac Intensivist (Bronx  NY  Us),Montefiore,Bronx  NY,https://getwork.com/details/cf23b2a9452dcfa58c00ffc54f16f2c7
Nurse Practitioner (Bronx  NY  Us),Montefiore,Bronx  NY,https://getwork.com/details/614819b8935fc55ca42195a9285ce4d3
Developmental And Behavioral Child Adolescent Psychiatrist (Bronx  NY  Us),Montefiore,Bronx  NY,https://getwork.com/details/9824f5d2a026d0f0b011f445b761d66e
Pediatric Radiologist (Bronx  NY  Us),Montefiore,Bronx  NY,https://getwork.com/details/f2d6662b0ba4d90655bdace1b9f82f93
Division Lead Pediatric imaging (Bronx  NY  Us),Montefiore,Bronx  NY,https://getwork.com/details/c86f44c800e6b6e2af798ac5ec2b8b93
Director Of Pediatric electrophysiology (Bronx  NY  Us),Montefiore,Bronx  NY,https://getwork.com/details/52b9e2b6eef38d5d613b7bf25ef598e0
Pediatric Heart Failure & Transplant Cardiologist (Bronx  NY  Us),Montefiore,Bronx  NY,https://getwork.com/details/e8a602baf4b12851a45632b9b5007ad0
Neonatal Clinician - Educator (Bronx  NY  Us),Montefiore,Bronx  NY,https://getwork.com/details/2708d3d29a48282beceab24836fed3a8
Senior Director Patient Access (Clinical Ops/Alberta),Texas Tech University,El Paso  TX,https://getwork.com/details/cb9983a5531ac9d7a7889087f2b02e9b
Manager Patient Access  Admitting  Bethesda East  FT  8:30A-5P,Baptist Health South Florida,Boynton Beach  FL,https://getwork.com/details/35c594634da62919940541aa0727c61a
Patient Access Specialist-Centralized Patient Access Unit-FT(53086) BHC,Broward Health,Fort Lauderdale  FL,https://getwork.com/details/bbd42f5420d15b1d9300b61e37bcd460
Manager Patient Access  Admitting  Bethesda West  FT  8:30A-5P,Baptist Health South Florida,Boynton Beach  FL,https://getwork.com/details/e5b9eb4dd990c7060d12dff0d1bcae34
Patient Access Specialist - FT Days - (49925) BHC,Broward Health,Fort Lauderdale  FL,https://getwork.com/details/8b6600eb451bd9e554b59a3cc0a4fdc8
Supervisor Patient Access,Providence Health & Services,Milwaukie  OR,https://getwork.com/details/9e860a26c89861b83056ad6bf34f0cd9
Patient Access Specialist-FT Days (53395) BHC,Broward Health,Fort Lauderdale  FL,https://getwork.com/details/a003a06619a2412f9d3e950383d1e1bb
Staff Nurse I/II (Bronx  NY  Us),Montefiore,Bronx  NY,https://getwork.com/details/f4ad71386a014914b670863709d5cb82
Patient Access Specialist-Patient Access-FT (53397) BHC,Broward Health,Fort Lauderdale  FL,https://getwork.com/details/6da40cff83a95d5dd5274fd23e90e8e7
Child Life Specialist (Bronx  NY  Us),Montefiore,Bronx  NY,https://getwork.com/details/f23afb24579029626701e08372bd8742
Hemat Onc Pract - Mgr Patient Access,Children's Health,Dallas  TX,https://getwork.com/details/b5301dd2d1242c308ef8e5d15ad179ee
Senior Clerk (Bronx  NY  Us),Montefiore,Bronx  NY,https://getwork.com/details/13919837db6c4f8d04d64027ff7ae099
Oncology Patient Spec 3,Inova Health System,Falls Church  VA,https://getwork.com/details/f30e6f5b9613b4342ad291b10f454324
LPN (Bronx  NY  Us),Montefiore,Bronx  NY,https://getwork.com/details/dbeacf1d1d8db4ba944a346a65b8aa0c
Staff Nurse I/ II (Bronx  NY  Us),Montefiore,Bronx  NY,https://getwork.com/details/6a0b7ba55933e134efe294e09b73d262
